Gene stable ID	Human gene name	Human gene stable ID	%id. target Human gene identical to query gene	Gene name
ENSMUSG00000000031				H19
ENSMUSG00000000142	AXIN2	ENSG00000168646	90.3571	Axin2
ENSMUSG00000000159				Igsf5
ENSMUSG00000000690	HOXB6	ENSG00000108511	97.7679	Hoxb6
ENSMUSG00000000732	ICOSLG	ENSG00000160223	38.9535	Icosl
ENSMUSG00000000791	IL12RB1	ENSG00000096996	48.2385	Il12rb1
ENSMUSG00000000804	USP32	ENSG00000170832	95.5736	Usp32
ENSMUSG00000000804	USP6	ENSG00000129204	56.5461	Usp32
ENSMUSG00000000881	DLG3	ENSG00000082458	95.5241	Dlg3
ENSMUSG00000001020	S100A4	ENSG00000196154	93.0693	S100a4
ENSMUSG00000001025	S100A6	ENSG00000197956	96.6292	S100a6
ENSMUSG00000001039	B9D1	ENSG00000108641	94.1176	B9d1
ENSMUSG00000001128	CFP	ENSG00000126759	75.6466	Cfp
ENSMUSG00000001173	OCRL	ENSG00000122126	91.5556	Ocrl
ENSMUSG00000001240	RAMP2	ENSG00000131477	62.963	Ramp2
ENSMUSG00000001281	ITGB7	ENSG00000139626	85.2357	Itgb7
ENSMUSG00000001700	GRAMD2B	ENSG00000155324	79.5506	Gramd2b
ENSMUSG00000001942	SIAE	ENSG00000110013	75.7856	Siae
ENSMUSG00000001948	SPA17	ENSG00000064199	72.4832	Spa17
ENSMUSG00000002059	RAB34	ENSG00000109113	87.1698	Rab34
ENSMUSG00000002190	CLGN	ENSG00000153132	80.0327	Clgn
ENSMUSG00000002325	IRF9	ENSG00000213928	58.9247	Irf9
ENSMUSG00000003526	PRODH	ENSG00000100033	81.803	Prodh
ENSMUSG00000003526		ENSG00000277196	81.9699	Prodh
ENSMUSG00000003752	ITPKC	ENSG00000086544	74.4838	Itpkc
ENSMUSG00000003849	NQO1	ENSG00000181019	85.7664	Nqo1
ENSMUSG00000004032	GSTM3	ENSG00000134202	87.0536	Gstm5
ENSMUSG00000004612	NKG7	ENSG00000105374	69.697	Nkg7
ENSMUSG00000004626	STXBP2	ENSG00000076944	94.1077	Stxbp2
ENSMUSG00000005640	INSRR	ENSG00000027644	88.9231	Insrr
ENSMUSG00000005682	PAN2	ENSG00000135473	95.8333	Pan2
ENSMUSG00000005802	SLC30A4	ENSG00000104154	91.8605	Slc30a4
ENSMUSG00000006310	ZBTB32	ENSG00000011590	71.828	Zbtb32
ENSMUSG00000006611	HFE	ENSG00000010704	66.2953	Hfe
ENSMUSG00000007035	MSH5	ENSG00000204410	88.3553	Msh5
ENSMUSG00000007682	DIO2	ENSG00000211448	91.2214	Dio2
ENSMUSG00000007888	CRLF1	ENSG00000006016	94.3529	Crlf1
ENSMUSG00000008540	MGST1	ENSG00000008394	55.8952	Mgst1
ENSMUSG00000010122	SLC47A1	ENSG00000142494	78.4832	Slc47a1
ENSMUSG00000010307	TMEM86A	ENSG00000151117	88.3817	Tmem86a
ENSMUSG00000011148	ADSS1	ENSG00000185100	92.0833	Adssl1
ENSMUSG00000012519	MLKL	ENSG00000168404	60.8051	Mlkl
ENSMUSG00000013833	MED16	ENSG00000175221	91.5459	Med16
ENSMUSG00000014599	CSF1	ENSG00000184371	70.2899	Csf1
ENSMUSG00000014813	STC1	ENSG00000159167	96.3563	Stc1
ENSMUSG00000015202	CNKSR3	ENSG00000153721	92.2523	Cnksr3
ENSMUSG00000015437	GZMB	ENSG00000100453	68.0162	Gzmb
ENSMUSG00000015441	GZMH	ENSG00000100450	56.4516	Gzmf
ENSMUSG00000015942	GTF2IRD2	ENSG00000196275	79.4872	Gtf2ird2
ENSMUSG00000015942	GTF2IRD2B	ENSG00000174428	79.7009	Gtf2ird2
ENSMUSG00000015950	NCF1	ENSG00000158517	79.2079	Ncf1
ENSMUSG00000016382	PLS3	ENSG00000102024	97.6526	Pls3
ENSMUSG00000017204	GSDMA	ENSG00000167914	88.3408	Gsdma
ENSMUSG00000017417	PLXDC1	ENSG00000161381	80.2761	Plxdc1
ENSMUSG00000018166	ERBB3	ENSG00000065361	90.8887	Erbb3
ENSMUSG00000018167	STARD3	ENSG00000131748	93.0493	Stard3
ENSMUSG00000018427	YPEL2	ENSG00000175155	78.2895	Ypel2
ENSMUSG00000018899	IRF1	ENSG00000125347	84.4985	Irf1
ENSMUSG00000019312	GRB7	ENSG00000141738	90.0935	Grb7
ENSMUSG00000019935	SLC17A8	ENSG00000179520	90.6822	Slc17a8
ENSMUSG00000019944	RHOBTB1	ENSG00000072422	88.9209	Rhobtb1
ENSMUSG00000019947	ARID5B	ENSG00000150347	87.963	Arid5b
ENSMUSG00000020101	VSIR	ENSG00000107738	77.3463	Vsir
ENSMUSG00000020178	ADORA2A	ENSG00000128271	81.4634	Adora2a
ENSMUSG00000020273	PAPOLG	ENSG00000115421	93.7754	Papolg
ENSMUSG00000020297	NSG2	ENSG00000170091	97.076	Nsg2
ENSMUSG00000020439	SMTN	ENSG00000183963	76.1099	Smtn
ENSMUSG00000020493	PRR11	ENSG00000068489	72.0109	Prr11
ENSMUSG00000020541	TOM1L1	ENSG00000141198	80.8017	Tom1l1
ENSMUSG00000020601	TRIB2	ENSG00000071575	98.2507	Trib2
ENSMUSG00000020623	MAP2K6	ENSG00000108984	97.9042	Map2k6
ENSMUSG00000020638	CMPK2	ENSG00000134326	74.7204	Cmpk2
ENSMUSG00000020644	ID2	ENSG00000115738	75.4839	Id2
ENSMUSG00000020689	ITGB3	ENSG00000259207	90.7243	Itgb3
ENSMUSG00000020808	PIMREG	ENSG00000129195	72.7273	Pimreg
ENSMUSG00000020905	USP43	ENSG00000154914	80.5654	Usp43
ENSMUSG00000021069	PYGL	ENSG00000100504	94.4706	Pygl
ENSMUSG00000021185	DGLUCY	ENSG00000133943	71.5611	Dglucy
ENSMUSG00000021213				Akr1c13
ENSMUSG00000021255	ESRRB	ENSG00000119715	93.3921	Esrrb
ENSMUSG00000021303	GNG4	ENSG00000168243	98.6667	Gng4
ENSMUSG00000021313	RYR2	ENSG00000198626	97.3822	Ryr2
ENSMUSG00000021403	SERPINB9	ENSG00000170542	65.7825	Serpinb9b
ENSMUSG00000021485	MXD3	ENSG00000213347	83.4951	Mxd3
ENSMUSG00000021556	GOLM1	ENSG00000135052	64.8855	Golm1
ENSMUSG00000021567	NKD2	ENSG00000145506	76.1388	Nkd2
ENSMUSG00000021636	MARVELD2	ENSG00000152939	87.9279	Marveld2
ENSMUSG00000021703	SERINC5	ENSG00000164300	81.7787	Serinc5
ENSMUSG00000021704	MTX3	ENSG00000177034	90.0641	Mtx3
ENSMUSG00000021719	RGS7BP	ENSG00000186479	94.5525	Rgs7bp
ENSMUSG00000021880	RNASE6	ENSG00000169413	62.7451	Rnase6
ENSMUSG00000021886	GPR65	ENSG00000140030	78.635	Gpr65
ENSMUSG00000021947	CRYL1	ENSG00000165475	83.6991	Cryl1
ENSMUSG00000022010	TSC22D1	ENSG00000102804	85.701	Tsc22d1
ENSMUSG00000022156	GZMH	ENSG00000100450	56.0484	Gzme
ENSMUSG00000022419	DEPTOR	ENSG00000155792	96.088	Deptor
ENSMUSG00000022440	C1QTNF6	ENSG00000133466	65.9091	C1qtnf6
ENSMUSG00000022468	ENDOU	ENSG00000111405	66.9604	Endou
ENSMUSG00000022504	CIITA	ENSG00000179583	68.3117	Ciita
ENSMUSG00000022583	LY6S	ENSG00000291309	42.5373	Ly6f
ENSMUSG00000022584	LY6S	ENSG00000291309	39.6947	Ly6c2
ENSMUSG00000022607	PTK2	ENSG00000169398	97.1638	Ptk2
ENSMUSG00000022636	ALCAM	ENSG00000170017	92.9674	Alcam
ENSMUSG00000022708	ZBTB20	ENSG00000181722	97.7058	Zbtb20
ENSMUSG00000022762	NCAM2	ENSG00000154654	93.5484	Ncam2
ENSMUSG00000022885	ST6GAL1	ENSG00000073849	79.9007	St6gal1
ENSMUSG00000022901	CD86	ENSG00000114013	48.2201	Cd86
ENSMUSG00000022906	PARP9	ENSG00000138496	61.0843	Parp9
ENSMUSG00000022957	ITSN1	ENSG00000205726	95.1134	Itsn1
ENSMUSG00000022965	IFNGR2	ENSG00000159128	59.3373	Ifngr2
ENSMUSG00000023079	GTF2IRD1	ENSG00000006704	73.6413	Gtf2ird1
ENSMUSG00000023132	GZMA	ENSG00000145649	66.5385	Gzma
ENSMUSG00000023348	TRIP6	ENSG00000087077	86.4583	Trip6
ENSMUSG00000023367	TMEM176A	ENSG00000002933	52.0492	Tmem176a
ENSMUSG00000023827	AGPAT4	ENSG00000026652	85.7143	Agpat4
ENSMUSG00000023927	SATB1	ENSG00000182568	94.3396	Satb1
ENSMUSG00000023966	RSPH9	ENSG00000172426	91.6667	Rsph9
ENSMUSG00000024008	CPNE5	ENSG00000124772	97.9764	Cpne5
ENSMUSG00000024143	RHOQ	ENSG00000119729	99.5122	Rhoq
ENSMUSG00000024176	SOX8	ENSG00000005513	80.3879	Sox8
ENSMUSG00000024190	DUSP1	ENSG00000120129	96.4578	Dusp1
ENSMUSG00000024220	ZNF76	ENSG00000065029	92.2535	Zfp523
ENSMUSG00000024610	CD74	ENSG00000019582	77.0609	Cd74
ENSMUSG00000024677	MS4A6E	ENSG00000166926	28.2787	Ms4a6b
ENSMUSG00000024677	MS4A6A	ENSG00000110077	48.3607	Ms4a6b
ENSMUSG00000024736	TMEM132A	ENSG00000006118	87.5246	Tmem132a
ENSMUSG00000024747	ALDH1A1	ENSG00000165092	84.4311	Aldh1a7
ENSMUSG00000024754	CEMIP2	ENSG00000135048	86.7679	Cemip2
ENSMUSG00000024778	FAS	ENSG00000026103	49.2355	Fas
ENSMUSG00000024786	MAJIN	ENSG00000168070	53.5156	Majin
ENSMUSG00000024887	ASAH2	ENSG00000188611	81.2169	Asah2
ENSMUSG00000024910	CTSW	ENSG00000172543	68.4636	Ctsw
ENSMUSG00000024924	VLDLR	ENSG00000147852	95.9908	Vldlr
ENSMUSG00000024942	CAPN1	ENSG00000014216	89.0603	Capn1
ENSMUSG00000025014	DNTT	ENSG00000107447	77.5472	Dntt
ENSMUSG00000025077	DCLRE1A	ENSG00000198924	64.1399	Dclre1a
ENSMUSG00000025140	PYCR1	ENSG00000183010	91.2621	Pycr1
ENSMUSG00000025151	MAGED1	ENSG00000179222	87.871	Maged1
ENSMUSG00000025227	MFSD13A	ENSG00000138111	88.8247	Mfsd13a
ENSMUSG00000025245	LZTFL1	ENSG00000163818	90.9699	Lztfl1
ENSMUSG00000025257	RIBC1	ENSG00000158423	65.9631	Ribc1
ENSMUSG00000025408	DDIT3	ENSG00000175197	88.0952	Ddit3
ENSMUSG00000025420	KATNAL2	ENSG00000167216	86.4564	Katnal2
ENSMUSG00000025491	IFITM1	ENSG00000185885	62.2642	Ifitm1
ENSMUSG00000025491	IFITM3	ENSG00000142089	66.0377	Ifitm1
ENSMUSG00000025491	IFITM2	ENSG00000185201	63.2075	Ifitm1
ENSMUSG00000025574	TK1	ENSG00000167900	87.5536	Tk1
ENSMUSG00000025780	ITIH5	ENSG00000123243	77.521	Itih5
ENSMUSG00000025921	RDH10	ENSG00000121039	98.827	Rdh10
ENSMUSG00000025978	RFTN2	ENSG00000162944	79.8	Rftn2
ENSMUSG00000025993	SLC40A1	ENSG00000138449	90.5263	Slc40a1
ENSMUSG00000026068	IL18RAP	ENSG00000115607	63.5179	Il18rap
ENSMUSG00000026073	IL1R2	ENSG00000115590	59.2683	Il1r2
ENSMUSG00000026104	STAT1	ENSG00000115415	92.8477	Stat1
ENSMUSG00000026131	DST	ENSG00000151914	80.3032	Dst
ENSMUSG00000026167	WNT10A	ENSG00000135925	94.964	Wnt10a
ENSMUSG00000026342	SLC35F5	ENSG00000115084	94.084	Slc35f5
ENSMUSG00000026344	LYPD1	ENSG00000150551	92.9078	Lypd1
ENSMUSG00000026525	OPN3	ENSG00000054277	87.5	Opn3
ENSMUSG00000026544	DUSP23	ENSG00000158716	95.3333	Dusp23
ENSMUSG00000026556	VANGL2	ENSG00000162738	91.0369	Vangl2
ENSMUSG00000026573	XCL1	ENSG00000143184	60.5263	Xcl1
ENSMUSG00000026573	XCL2	ENSG00000143185	60.5263	Xcl1
ENSMUSG00000026604	PTPN14	ENSG00000152104	91.5055	Ptpn14
ENSMUSG00000026712	MRC1	ENSG00000260314	82.0055	Mrc1
ENSMUSG00000026770	IL2RA	ENSG00000134460	61.194	Il2ra
ENSMUSG00000026893	GCA	ENSG00000115271	81.3636	Gca
ENSMUSG00000026896	IFIH1	ENSG00000115267	79.8049	Ifih1
ENSMUSG00000026921	EGFL7	ENSG00000172889	74.1007	Egfl7
ENSMUSG00000026946	NMI	ENSG00000123609	63.3758	Nmi
ENSMUSG00000026980	LY75	ENSG00000054219	76.8427	Ly75
ENSMUSG00000027073	PRG2	ENSG00000186652	60.0897	Prg2
ENSMUSG00000027078	UBE2L6	ENSG00000156587	76.4706	Ube2l6
ENSMUSG00000027210	MEIS2	ENSG00000134138	99.5807	Meis2
ENSMUSG00000027298	TYRO3	ENSG00000092445	89.5455	Tyro3
ENSMUSG00000027313	CHAC1	ENSG00000128965	87.8924	Chac1
ENSMUSG00000027514	ZBP1	ENSG00000124256	47.4453	Zbp1
ENSMUSG00000027748	TRPC4	ENSG00000133107	97.2279	Trpc4
ENSMUSG00000027834	SERPINI1	ENSG00000163536	86.3415	Serpini1
ENSMUSG00000027907	S100A11	ENSG00000163191	86.7347	S100a11
ENSMUSG00000027932	SLC27A3	ENSG00000143554	84.5577	Slc27a3
ENSMUSG00000028037	IFI44	ENSG00000137965	56.3981	Ifi44
ENSMUSG00000028063	LMNA	ENSG00000160789	96.5414	Lmna
ENSMUSG00000028121	BCAR3	ENSG00000137936	85.9756	Bcar3
ENSMUSG00000028173	WLS	ENSG00000116729	95.9335	Wls
ENSMUSG00000028179	CTH	ENSG00000116761	85.1759	Cth
ENSMUSG00000028268	GBP4	ENSG00000162654	70.6452	Gbp3
ENSMUSG00000028270	GBP2	ENSG00000162645	70.9677	Gbp2
ENSMUSG00000028420	TMEM38B	ENSG00000095209	72.2603	Tmem38b
ENSMUSG00000028463	CA9	ENSG00000107159	72.9977	Car9
ENSMUSG00000028527	AK4P3	ENSG00000233381	91.0314	Ak4
ENSMUSG00000028527	AK4	ENSG00000162433	90.1345	Ak4
ENSMUSG00000028689				Ccdc163
ENSMUSG00000028736	PAX7	ENSG00000009709	97.6238	Pax7
ENSMUSG00000028799	ZNF362	ENSG00000160094	98.5646	Zfp362
ENSMUSG00000028807	ZBTB8A	ENSG00000160062	84.7926	Zbtb8a
ENSMUSG00000029096	HTRA3	ENSG00000170801	91.2854	Htra3
ENSMUSG00000029162	KHK	ENSG00000138030	75.5102	Khk
ENSMUSG00000029178	KLF3	ENSG00000109787	95.6395	Klf3
ENSMUSG00000029381	SHROOM3	ENSG00000138771	69.899	Shroom3
ENSMUSG00000029561				Oasl2
ENSMUSG00000029594	RBM19	ENSG00000122965	82.1429	Rbm19
ENSMUSG00000029602	RASAL1	ENSG00000111344	84.4806	Rasal1
ENSMUSG00000029710	EPHB4	ENSG00000196411	92.0683	Ephb4
ENSMUSG00000029716	TFR2	ENSG00000106327	85.0877	Tfr2
ENSMUSG00000029725	PPP1R35	ENSG00000160813	71.9231	Ppp1r35
ENSMUSG00000029752	ASNS	ENSG00000070669	93.7611	Asns
ENSMUSG00000029810	TMEM176B	ENSG00000106565	50.9506	Tmem176b
ENSMUSG00000029821	GSDME	ENSG00000105928	69.1406	Gsdme
ENSMUSG00000030107	USP18	ENSG00000184979	70.9239	Usp18
ENSMUSG00000030122				Ptms
ENSMUSG00000030145	ZNF248	ENSG00000198105	75.1736	Zfp248
ENSMUSG00000030165	KLRD1	ENSG00000134539	47.4747	Klrd1
ENSMUSG00000030208	EMP1	ENSG00000134531	75.625	Emp1
ENSMUSG00000030302	ATP2B2	ENSG00000157087	98.3105	Atp2b2
ENSMUSG00000030577	CD22	ENSG00000012124	59.7926	Cd22
ENSMUSG00000030579	TYROBP	ENSG00000011600	58.8652	Tyrobp
ENSMUSG00000030589	RASGRP4	ENSG00000171777	84.8083	Rasgrp4
ENSMUSG00000030717	NUPR1	ENSG00000176046	75	Nupr1
ENSMUSG00000030733	SH2B1	ENSG00000178188	91.5344	Sh2b1
ENSMUSG00000030742	LAT	ENSG00000213658	64.876	Lat
ENSMUSG00000030748	IL4R	ENSG00000077238	52.8395	Il4ra
ENSMUSG00000030772	DKK3	ENSG00000050165	82.5215	Dkk3
ENSMUSG00000030792	DKKL1	ENSG00000104901	63.0435	Dkkl1
ENSMUSG00000030826	BCAT2	ENSG00000105552	83.2061	Bcat2
ENSMUSG00000030852	TACC2	ENSG00000138162	58.7009	Tacc2
ENSMUSG00000030854	PTPN5	ENSG00000110786	90.0185	Ptpn5
ENSMUSG00000030966	TRIM21	ENSG00000132109	70.3463	Trim21
ENSMUSG00000031024	DENND2B	ENSG00000166444	93.2981	Dennd2b
ENSMUSG00000031134	RBMXL1	ENSG00000213516	93.6061	Rbmx
ENSMUSG00000031134	RBMX	ENSG00000147274	98.7212	Rbmx
ENSMUSG00000031150	CCDC120	ENSG00000147144	89.6661	Ccdc120
ENSMUSG00000031155	PIM2	ENSG00000102096	75.1351	Pim2
ENSMUSG00000031166	WDR13	ENSG00000101940	99.1753	Wdr13
ENSMUSG00000031196	F8	ENSG00000185010	72.79	F8
ENSMUSG00000031202	RAB39B	ENSG00000155961	99.5305	Rab39b
ENSMUSG00000031292	CDKL5	ENSG00000008086	96.0417	Cdkl5
ENSMUSG00000031297	SLC7A3	ENSG00000165349	81.877	Slc7a3
ENSMUSG00000031448	ADPRHL1	ENSG00000153531	47.6134	Adprhl1
ENSMUSG00000031586	RBPMS	ENSG00000157110	80.9091	Rbpms
ENSMUSG00000031838	IFI30	ENSG00000216490	59.6774	Ifi30
ENSMUSG00000031880	RRAD	ENSG00000166592	92.8339	Rrad
ENSMUSG00000031919	TMED6	ENSG00000157315	77.8243	Tmed6
ENSMUSG00000031997	TRPC6	ENSG00000137672	93.6559	Trpc6
ENSMUSG00000032009	SESN3	ENSG00000149212	93.9024	Sesn3
ENSMUSG00000032014	OAF	ENSG00000184232	80.8511	Oaf
ENSMUSG00000032231	ANXA2	ENSG00000182718	97.6401	Anxa2
ENSMUSG00000032262	ELOVL4	ENSG00000118402	92.3077	Elovl4
ENSMUSG00000032324	TSPAN3	ENSG00000140391	88.6719	Tspan3
ENSMUSG00000032344	CGAS	ENSG00000164430	56.6075	Cgas
ENSMUSG00000032372	PLSCR1	ENSG00000188313	66.4495	Plscr2
ENSMUSG00000032374	PLOD2	ENSG00000152952	90.6332	Plod2
ENSMUSG00000032377	PLSCR4	ENSG00000114698	79.7546	Plscr4
ENSMUSG00000032380	DAPK2	ENSG00000035664	61.6327	Dapk2
ENSMUSG00000032387	RBPMS2	ENSG00000166831	90.7767	Rbpms2
ENSMUSG00000032402	SMAD3	ENSG00000166949	100	Smad3
ENSMUSG00000032420	NT5E	ENSG00000135318	86.2847	Nt5e
ENSMUSG00000032548	SLCO2A1	ENSG00000174640	83.2037	Slco2a1
ENSMUSG00000032556	BFSP2	ENSG00000170819	84.375	Bfsp2
ENSMUSG00000032560	DNAJC13	ENSG00000138246	96.4413	Dnajc13
ENSMUSG00000032661	OAS3	ENSG00000111331	67.3111	Oas3
ENSMUSG00000032698	LMO2	ENSG00000135363	93.8596	Lmo2
ENSMUSG00000032717	MDFI	ENSG00000112559	79.2683	Mdfi
ENSMUSG00000032724	ABTB2	ENSG00000166016	97.0703	Abtb2
ENSMUSG00000032726				Bmp8a
ENSMUSG00000032846	ZSWIM6	ENSG00000130449	97.0174	Zswim6
ENSMUSG00000033004	MYCBP2	ENSG00000005810	95.4277	Mycbp2
ENSMUSG00000033111	CEP15	ENSG00000114405	53.3333	Cep15
ENSMUSG00000033174	MGLL	ENSG00000074416	76.1329	Mgll
ENSMUSG00000033213	C15orf48	ENSG00000166920	72.2892	AA467197
ENSMUSG00000033355	RTP4	ENSG00000136514	42.1687	Rtp4
ENSMUSG00000033487	FNDC3A	ENSG00000102531	91.0685	Fndc3a
ENSMUSG00000033721	VAV3	ENSG00000134215	95.3955	Vav3
ENSMUSG00000033768	NRXN2	ENSG00000110076	98.3041	Nrxn2
ENSMUSG00000033855	STON1	ENSG00000243244	76.0274	Ston1
ENSMUSG00000033880	LGALS3BP	ENSG00000108679	68.8042	Lgals3bp
ENSMUSG00000033960	JCAD	ENSG00000165757	54.3939	Jcad
ENSMUSG00000033981	GRIA2	ENSG00000120251	99.7735	Gria2
ENSMUSG00000034243	GOLGB1	ENSG00000173230	75.4169	Golgb1
ENSMUSG00000034342	CBL	ENSG00000110395	91.3472	Cbl
ENSMUSG00000034353	RAMP1	ENSG00000132329	70.9459	Ramp1
ENSMUSG00000034394	LIF	ENSG00000128342	78.8177	Lif
ENSMUSG00000034422	PARP14	ENSG00000173193	62.8509	Parp14
ENSMUSG00000034438	GBP6	ENSG00000183347	68.9524	Gbp8
ENSMUSG00000034459	IFIT1B	ENSG00000204010	58.7473	Ifit1
ENSMUSG00000034485	UACA	ENSG00000137831	79.4055	Uaca
ENSMUSG00000034634	LY6D	ENSG00000167656	59.0551	Ly6d
ENSMUSG00000034813	GRIP1	ENSG00000155974	91.7544	Grip1
ENSMUSG00000034917	TJP3	ENSG00000105289	79.7566	Tjp3
ENSMUSG00000034959	RUBCNL	ENSG00000102445	59.2593	Rubcnl
ENSMUSG00000034987	HRH2	ENSG00000113749	82.8979	Hrh2
ENSMUSG00000035042	CCL5	ENSG00000271503	80.2198	Ccl5
ENSMUSG00000035126	DNAI4	ENSG00000152763	73.8538	Dnai4
ENSMUSG00000035235	TRIM13	ENSG00000204977	88.6978	Trim13
ENSMUSG00000035692	ISG15	ENSG00000187608	63.9752	Isg15
ENSMUSG00000035929				H2-Q4
ENSMUSG00000035964	TMEM59L	ENSG00000105696	73.5905	Tmem59l
ENSMUSG00000036067	SLC2A6	ENSG00000160326	82.2938	Slc2a6
ENSMUSG00000036186	DIPK1B	ENSG00000165716	88.8631	Dipk1b
ENSMUSG00000036315	POLR1H	ENSG00000066379	80.4878	Polr1h
ENSMUSG00000036381	P2RY14	ENSG00000174944	80.9798	P2ry14
ENSMUSG00000036502	TMEM255A	ENSG00000125355	90.0285	Tmem255a
ENSMUSG00000036594				H2-Aa
ENSMUSG00000036606	PLXNB2	ENSG00000196576	87.405	Plxnb2
ENSMUSG00000036854	HSPB6	ENSG00000004776	87.6543	Hspb6
ENSMUSG00000036882	ARHGAP33	ENSG00000004777	90.2682	Arhgap33
ENSMUSG00000037032	APBB1	ENSG00000166313	94.6479	Apbb1
ENSMUSG00000037202	PRF1	ENSG00000180644	68.4116	Prf1
ENSMUSG00000037235	MXD4	ENSG00000123933	91.866	Mxd4
ENSMUSG00000037321	TAP1	ENSG00000168394	72.6519	Tap1
ENSMUSG00000037548	HLA-DMB	ENSG00000242574	72.4138	H2-DMb2
ENSMUSG00000037580	GCH1	ENSG00000131979	89.2116	Gch1
ENSMUSG00000037649	HLA-DMA	ENSG00000204257	75.4789	H2-DMa
ENSMUSG00000037683	ARMC3	ENSG00000165309	81.4983	Armc3
ENSMUSG00000037709	FAM13A	ENSG00000138640	82.9726	Fam13a
ENSMUSG00000037795	N4BP2	ENSG00000078177	71.3945	N4bp2
ENSMUSG00000037820	TGM2	ENSG00000198959	84.2566	Tgm2
ENSMUSG00000037846	RTKN2	ENSG00000182010	72.5166	Rtkn2
ENSMUSG00000037902	SIRPB1	ENSG00000101307	41.9103	Sirpa
ENSMUSG00000037902	SIRPA	ENSG00000198053	65.692	Sirpa
ENSMUSG00000037902	SIRPG	ENSG00000089012	39.961	Sirpa
ENSMUSG00000037997	PARP11	ENSG00000111224	94.8641	Parp11
ENSMUSG00000038020	RAPGEFL1	ENSG00000108352	94.4109	Rapgefl1
ENSMUSG00000038037	SOCS1	ENSG00000185338	95.283	Socs1
ENSMUSG00000038042	PTPDC1	ENSG00000158079	73.5149	Ptpdc1
ENSMUSG00000038056	KMT2C	ENSG00000055609	85.2773	Kmt2c
ENSMUSG00000038126	MPHOSPH9	ENSG00000051825	75.1748	Mphosph9
ENSMUSG00000038150	ORMDL3	ENSG00000172057	96.732	Ormdl3
ENSMUSG00000038208	PGAP3	ENSG00000161395	85	Pgap3
ENSMUSG00000038418	EGR1	ENSG00000120738	92.8705	Egr1
ENSMUSG00000038497	TMCO3	ENSG00000150403	89.3805	Tmco3
ENSMUSG00000038507	PARP12	ENSG00000059378	79.8875	Parp12
ENSMUSG00000038668	LPAR1	ENSG00000198121	97.2527	Lpar1
ENSMUSG00000038721	HOXB7	ENSG00000260027	94.0092	Hoxb7
ENSMUSG00000038807	RAP1GAP2	ENSG00000132359	87.4352	Rap1gap2
ENSMUSG00000038836	AGBL3	ENSG00000146856	69.8807	Agbl3
ENSMUSG00000039115	ITGA9	ENSG00000144668	89.5753	Itga9
ENSMUSG00000039168	DAP	ENSG00000112977	96.0784	Dap
ENSMUSG00000039236	ISG20	ENSG00000172183	42	Isg20
ENSMUSG00000039246	LYPLAL1	ENSG00000143353	75.7322	Lyplal1
ENSMUSG00000039264	GIMAP5	ENSG00000196329	55.1495	Gimap3
ENSMUSG00000039304	TNFSF10	ENSG00000121858	62.1993	Tnfsf10
ENSMUSG00000039699	BATF2	ENSG00000168062	61.7329	Batf2
ENSMUSG00000039814	XKR5	ENSG00000275591	66.4201	Xkr5
ENSMUSG00000039899	FGL2	ENSG00000127951	78.4722	Fgl2
ENSMUSG00000040022	RAB11FIP2	ENSG00000107560	89.414	Rab11fip2
ENSMUSG00000040212	EMP3	ENSG00000142227	92.0245	Emp3
ENSMUSG00000040253	GBP4	ENSG00000162654	68.0251	Gbp7
ENSMUSG00000040264	GBP2	ENSG00000162645	70.2886	Gbp2b
ENSMUSG00000040284	GZMH	ENSG00000100450	56.8548	Gzmg
ENSMUSG00000040430	PITPNC1	ENSG00000154217	96.4401	Pitpnc1
ENSMUSG00000040433	ZBTB38	ENSG00000177311	81.203	Zbtb38
ENSMUSG00000040466	BLVRB	ENSG00000090013	68.0162	Blvrb
ENSMUSG00000040502	MARCHF9	ENSG00000139266	95.1149	Marchf9
ENSMUSG00000040528	MILR1	ENSG00000271605	42.2764	Milr1
ENSMUSG00000040557	METTL27	ENSG00000165171	65.9664	Mettl27
ENSMUSG00000040627	AICDA	ENSG00000111732	91.9192	Aicda
ENSMUSG00000040747	CD53	ENSG00000143119	83.105	Cd53
ENSMUSG00000040856	DLK1	ENSG00000185559	85.1948	Dlk1
ENSMUSG00000041046	RAMP3	ENSG00000122679	82.3129	Ramp3
ENSMUSG00000041272	TOX	ENSG00000198846	94.2966	Tox
ENSMUSG00000041481	SERPINA3	ENSG00000196136	54.8387	Serpina3g
ENSMUSG00000041548	HSPB8	ENSG00000152137	94.3878	Hspb8
ENSMUSG00000041598	CDC42EP4	ENSG00000179604	75.9312	Cdc42ep4
ENSMUSG00000041700	LHFPL1	ENSG00000182508	94.5455	Lhfpl1
ENSMUSG00000041729	CORO2B	ENSG00000103647	97.5	Coro2b
ENSMUSG00000041836	PTPRE	ENSG00000132334	90.6815	Ptpre
ENSMUSG00000042155	KLHL23	ENSG00000213160	97.1326	Klhl23
ENSMUSG00000042156	DZIP1	ENSG00000134874	68.3099	Dzip1
ENSMUSG00000042246	TMC7	ENSG00000170537	90.6336	Tmc7
ENSMUSG00000042367	GJB3	ENSG00000188910	82.5926	Gjb3
ENSMUSG00000042476	ABCB4	ENSG00000005471	91.1442	Abcb4
ENSMUSG00000043099	HIC1	ENSG00000177374	92.9059	Hic1
ENSMUSG00000043157	ARL11	ENSG00000152213	86.3636	Arl11
ENSMUSG00000043542	ZC2HC1A	ENSG00000104427	87.3457	Zc2hc1a
ENSMUSG00000043614	VPS37D	ENSG00000176428	91.954	Vps37d
ENSMUSG00000043629	C2orf88	ENSG00000187699	51.8868	1700019D03Rik
ENSMUSG00000043719	COL6A6	ENSG00000206384	83.0022	Col6a6
ENSMUSG00000043931	GIMAP7	ENSG00000179144	61.7747	Gimap7
ENSMUSG00000043953	CCRL2	ENSG00000121797	49.4444	Ccrl2
ENSMUSG00000044156	HEPACAM2	ENSG00000188175	85.3132	Hepacam2
ENSMUSG00000044453	FFAR1	ENSG00000126266	83	Ffar1
ENSMUSG00000044469	TNFAIP8L1	ENSG00000185361	81.7204	Tnfaip8l1
ENSMUSG00000044534	ACKR2	ENSG00000144648	72.7513	Ackr2
ENSMUSG00000044641	PARD6B	ENSG00000124171	91.6442	Pard6b
ENSMUSG00000044734	SERPINB1	ENSG00000021355	80.4749	Serpinb1a
ENSMUSG00000045257	MORN2	ENSG00000188010	86.1842	Morn2
ENSMUSG00000045362	TNFRSF10C	ENSG00000173535	16.6667	Tnfrsf26
ENSMUSG00000045362	TNFRSF10D	ENSG00000173530	18.1373	Tnfrsf26
ENSMUSG00000045362	TNFRSF10B	ENSG00000120889	15.6863	Tnfrsf26
ENSMUSG00000046321	HS3ST2	ENSG00000122254	96.1853	Hs3st2
ENSMUSG00000046805	MPEG1	ENSG00000197629	75.2778	Mpeg1
ENSMUSG00000046841	CKAP4	ENSG00000136026	83.1304	Ckap4
ENSMUSG00000046844	VAT1L	ENSG00000171724	98.5611	Vat1l
ENSMUSG00000046879	IRGM	ENSG00000237693	24.4499	Irgm1
ENSMUSG00000047143	DMRTA2	ENSG00000142700	94.9153	Dmrta2
ENSMUSG00000047180	NEURL3	ENSG00000163121	68.1102	Neurl3
ENSMUSG00000047798	CD300LF	ENSG00000186074	42.4332	Cd300lf
ENSMUSG00000047810	CCDC88B	ENSG00000168071	77.7853	Ccdc88b
ENSMUSG00000047821	TRIM16	ENSG00000221926	77.8777	Trim16
ENSMUSG00000047888	TNRC6B	ENSG00000100354	94.2541	Tnrc6b
ENSMUSG00000048058	LDLRAD3	ENSG00000179241	95.942	Ldlrad3
ENSMUSG00000048078	TENM4	ENSG00000149256	93.8934	Tenm4
ENSMUSG00000048218	AMIGO2	ENSG00000139211	88.632	Amigo2
ENSMUSG00000048581	C3orf33	ENSG00000174928	73.4694	E130311K13Rik
ENSMUSG00000048612	MYOF	ENSG00000138119	93.9835	Myof
ENSMUSG00000048852				Gm12185
ENSMUSG00000049086	MYC	ENSG00000136997	60	Bmyc
ENSMUSG00000049103	CCR2	ENSG00000121807	76.9437	Ccr2
ENSMUSG00000049288	LIX1L	ENSG00000271601	97.0326	Lix1l
ENSMUSG00000049502	DTX3L	ENSG00000163840	58.0214	Dtx3l
ENSMUSG00000049800	SERTAD2	ENSG00000179833	87.3786	Sertad2
ENSMUSG00000050232	CXCR3	ENSG00000186810	86.1035	Cxcr3
ENSMUSG00000050271	PRAG1	ENSG00000275342	77.7859	Prag1
ENSMUSG00000050335	LGALS3	ENSG00000131981	77.2727	Lgals3
ENSMUSG00000050382	KIF7	ENSG00000166813	88.3531	Kif7
ENSMUSG00000050473	SLC35D3	ENSG00000182747	90.0474	Slc35d3
ENSMUSG00000050556	KCNB1	ENSG00000158445	93.8156	Kcnb1
ENSMUSG00000050730	ARHGAP42	ENSG00000165895	96.0761	Arhgap42
ENSMUSG00000050953	GJA1	ENSG00000152661	97.3822	Gja1
ENSMUSG00000051022	HS3ST1	ENSG00000002587	87.1383	Hs3st1
ENSMUSG00000051314	FFAR2	ENSG00000126262	84.5455	Ffar2
ENSMUSG00000051341				Zfp52
ENSMUSG00000051483	CBR1	ENSG00000159228	87.7256	Cbr1
ENSMUSG00000051811	COX6B2	ENSG00000160471	57.6923	Cox6b2
ENSMUSG00000051910	SOX6	ENSG00000110693	96.8599	Sox6
ENSMUSG00000051998	LAX1	ENSG00000122188	50.1228	Lax1
ENSMUSG00000052369	TMEM106C	ENSG00000134291	75.3846	Tmem106c
ENSMUSG00000052565	H1-3	ENSG00000124575	87.3303	H1f3
ENSMUSG00000052609	PLEKHG3	ENSG00000126822	73.3035	Plekhg3
ENSMUSG00000052684	JUN	ENSG00000177606	90.1685	Jun
ENSMUSG00000052776	OAS1	ENSG00000089127	67.8474	Oas1a
ENSMUSG00000053040	APH1B	ENSG00000138613	80.6202	Aph1c
ENSMUSG00000053113	SOCS3	ENSG00000184557	96.8889	Socs3
ENSMUSG00000053175	BCL3	ENSG00000069399	82.3661	Bcl3
ENSMUSG00000054065	PKP3	ENSG00000184363	89.781	Pkp3
ENSMUSG00000054072				Iigp1
ENSMUSG00000054364	RHOB	ENSG00000143878	100	Rhob
ENSMUSG00000054426				A930005H10Rik
ENSMUSG00000054598				9130230L23Rik
ENSMUSG00000054676	C19orf12	ENSG00000131943	81.5603	1600014C10Rik
ENSMUSG00000055116	BMAL1	ENSG00000133794	97.3144	Bmal1
ENSMUSG00000055172	C1R	ENSG00000159403	80.198	C1ra
ENSMUSG00000055188				Rbm3os
ENSMUSG00000055240				Zfp101
ENSMUSG00000055421	PCDH9	ENSG00000184226	98.2215	Pcdh9
ENSMUSG00000055435	MAF	ENSG00000178573	96.0526	Maf
ENSMUSG00000055541	LAIR1	ENSG00000167613	44.4867	Lair1
ENSMUSG00000055799	TCF7L1	ENSG00000152284	93.823	Tcf7l1
ENSMUSG00000055994	NOD2	ENSG00000167207	77.5845	Nod2
ENSMUSG00000056069	OTULINL	ENSG00000145569	84.4193	Otulinl
ENSMUSG00000056091	ST3GAL5	ENSG00000115525	83.8164	St3gal5
ENSMUSG00000056116				H2-T22
ENSMUSG00000056214	PARD6G	ENSG00000178184	77.2251	Pard6g
ENSMUSG00000056290	MS4A4A	ENSG00000110079	40.2655	Ms4a4b
ENSMUSG00000056290	MS4A4E	ENSG00000214787	30.531	Ms4a4b
ENSMUSG00000056367	ACTR3C	ENSG00000106526	44.7368	Actr3b
ENSMUSG00000056367	ACTR3B	ENSG00000133627	98.5646	Actr3b
ENSMUSG00000056501	CEBPB	ENSG00000172216	81.7568	Cebpb
ENSMUSG00000056895				H2bc27
ENSMUSG00000057137	TMEM140	ENSG00000146859	62.1622	Tmem140
ENSMUSG00000057143	TRIM5	ENSG00000132256	49.2958	Trim12c
ENSMUSG00000057596	TRIM5	ENSG00000132256	45.4728	Trim30d
ENSMUSG00000057897	CAMK2B	ENSG00000058404	97.1471	Camk2b
ENSMUSG00000058135	GSTM1	ENSG00000134184	69.6721	Gstm1
ENSMUSG00000058252	TCP11X2	ENSG00000215029	63.0219	Tcp11x2
ENSMUSG00000058252	TCP11X1	ENSG00000268235	63.2207	Tcp11x2
ENSMUSG00000058486	WDR91	ENSG00000105875	91.7112	Wdr91
ENSMUSG00000058624	GDA	ENSG00000119125	90.7489	Gda
ENSMUSG00000058715	FCER1G	ENSG00000158869	60.8696	Fcer1g
ENSMUSG00000058794	NFE2	ENSG00000123405	83.5859	Nfe2
ENSMUSG00000059146	NTRK3	ENSG00000140538	94.4444	Ntrk3
ENSMUSG00000059213	DDN	ENSG00000181418	76.9014	Ddn
ENSMUSG00000059256	GZMH	ENSG00000100450	55.1587	Gzmd
ENSMUSG00000059479	B3GNT8	ENSG00000177191	77.3779	B3gnt8
ENSMUSG00000059498	FCGR2C	ENSG00000244682	45.6929	Fcgr3
ENSMUSG00000059498	FCGR2A	ENSG00000143226	48.3146	Fcgr3
ENSMUSG00000059498	FCGR2B	ENSG00000072694	45.6929	Fcgr3
ENSMUSG00000060012	KIF13B	ENSG00000197892	87.7098	Kif13b
ENSMUSG00000060376	BCKDHA	ENSG00000248098	92.3767	Bckdha
ENSMUSG00000060429	SNTB1	ENSG00000172164	92.7374	Sntb1
ENSMUSG00000060586				H2-Eb1
ENSMUSG00000060675	PLAAT3	ENSG00000176485	70.8333	Plaat3
ENSMUSG00000060726				Tmsb15a
ENSMUSG00000060802	B2M	ENSG00000166710	66.3866	B2m
ENSMUSG00000061232				H2-K1
ENSMUSG00000062661	NCS1	ENSG00000107130	100	Ncs1
ENSMUSG00000062866	PHACTR2	ENSG00000112419	81.8038	Phactr2
ENSMUSG00000063021				H2ac15
ENSMUSG00000063796	SLC22A8	ENSG00000149452	78.0261	Slc22a8
ENSMUSG00000063931	PEPD	ENSG00000124299	89.0467	Pepd
ENSMUSG00000064065	IPCEF1	ENSG00000074706	79.5122	Ipcef1
ENSMUSG00000064147	RAB44	ENSG00000255587	62.7955	Rab44
ENSMUSG00000064215				Ifi27
ENSMUSG00000065952				Rps23rg1
ENSMUSG00000066057				Gm1976
ENSMUSG00000066363	SERPINA3	ENSG00000196136	54.8315	Serpina3f
ENSMUSG00000066677	PYHIN1	ENSG00000163564	14.966	Ifi208
ENSMUSG00000066677	IFI16	ENSG00000163565	14.4558	Ifi208
ENSMUSG00000067149	JCHAIN	ENSG00000132465	75.4717	Jchain
ENSMUSG00000067341	HLA-DRB1	ENSG00000196126	58.5366	H2-Eb2
ENSMUSG00000067341	HLA-DRB5	ENSG00000198502	57.4913	H2-Eb2
ENSMUSG00000068227	IL2RB	ENSG00000100385	58.256	Il2rb
ENSMUSG00000068252	APOL2	ENSG00000128335	39.5664	Apol7b
ENSMUSG00000068252	APOL4	ENSG00000100336	33.0623	Apol7b
ENSMUSG00000068252	APOL3	ENSG00000128284	40.6504	Apol7b
ENSMUSG00000068252	APOL1	ENSG00000100342	34.6883	Apol7b
ENSMUSG00000068606				Gm4841
ENSMUSG00000068854	H2BC11	ENSG00000124635	97.619	H2bc21
ENSMUSG00000068923	SYT11	ENSG00000132718	95.3488	Syt11
ENSMUSG00000069196				Gm10161
ENSMUSG00000069255	DUSP22	ENSG00000112679	90.7317	Dusp22
ENSMUSG00000069265	H3C12	ENSG00000197153	100	H3c1
ENSMUSG00000069267	H3C14	ENSG00000203811	100	H3c2
ENSMUSG00000069273	H3C14	ENSG00000203811	100	H3c6
ENSMUSG00000069300	H2BC13	ENSG00000185130	99.2064	H2bc11
ENSMUSG00000069678	PCGF1	ENSG00000115289	98.0695	Pcgf1
ENSMUSG00000069805	FBP1	ENSG00000165140	84.9112	Fbp1
ENSMUSG00000069808	TLCD3A	ENSG00000167695	73.1517	Tlcd3a
ENSMUSG00000069833	AHNAK	ENSG00000124942	63.4017	Ahnak
ENSMUSG00000069874	IRGM	ENSG00000237693	23.8329	Irgm2
ENSMUSG00000070167	SNORA57	ENSG00000206597	89.1892	Snora57
ENSMUSG00000070315				4930581F22Rik
ENSMUSG00000070327	RNF213	ENSG00000173821	67.3331	Rnf213
ENSMUSG00000070427	IL18BP	ENSG00000137496	57.732	Il18bp
ENSMUSG00000070501	PYHIN1	ENSG00000163564	34.2466	Ifi214
ENSMUSG00000070501	IFI16	ENSG00000163565	36.0731	Ifi214
ENSMUSG00000070972	DNAJC25	ENSG00000059769	91.5966	Dnajc25
ENSMUSG00000071648	ROM1	ENSG00000149489	84.3305	Rom1
ENSMUSG00000072109				A530040E14Rik
ENSMUSG00000072235	TUBA1A	ENSG00000167552	100	Tuba1a
ENSMUSG00000072620	SLFN12	ENSG00000172123	49.7355	Slfn2
ENSMUSG00000072620	SLFN12L	ENSG00000205045	50.7937	Slfn2
ENSMUSG00000072774				Zfp951
ENSMUSG00000072919	NOXRED1	ENSG00000165555	59.8361	Noxred1
ENSMUSG00000073274				Gm14636
ENSMUSG00000073405				H2-T-ps
ENSMUSG00000073421	HLA-DQB2	ENSG00000232629	72.0755	H2-Ab1
ENSMUSG00000073433	ARHGDIG	ENSG00000242173	78.2222	Arhgdig
ENSMUSG00000073555				Iigp1c
ENSMUSG00000073902				Gvin3
ENSMUSG00000073910	MOB3B	ENSG00000120162	98.1481	Mob3b
ENSMUSG00000073987	GGH	ENSG00000137563	70.0315	Ggh
ENSMUSG00000074071				Fam169b
ENSMUSG00000074151	NLRC5	ENSG00000140853	62.3499	Nlrc5
ENSMUSG00000074227	SPINT2	ENSG00000167642	70.2381	Spint2
ENSMUSG00000074892	B3GALT5	ENSG00000183778	71.7533	B3galt5
ENSMUSG00000075010				AW112010
ENSMUSG00000075376	RC3H2	ENSG00000056586	95.6192	Rc3h2
ENSMUSG00000075602	LY6S	ENSG00000291309	39.5522	Ly6a
ENSMUSG00000076498	TRBC1	ENSG00000211751	79.1908	Trbc2
ENSMUSG00000076498	TRBC2	ENSG00000211772	80.3468	Trbc2
ENSMUSG00000076613				Ighg2b
ENSMUSG00000076757				Trgc4
ENSMUSG00000078616	TRIM5	ENSG00000132256	44.4444	Trim30c
ENSMUSG00000078853	IRGM	ENSG00000237693	21.9858	Igtp
ENSMUSG00000078920				Ifi47
ENSMUSG00000078922				Tgtp1
ENSMUSG00000079017				Ifi27l2a
ENSMUSG00000079018	LY6S	ENSG00000291309	27.8912	Ly6c1
ENSMUSG00000079029				Eif1ad7
ENSMUSG00000079186	GZMB	ENSG00000100453	60.8871	Gzmc
ENSMUSG00000079227	CCR5	ENSG00000160791	81.9209	Ccr5
ENSMUSG00000079339	IFIT1B	ENSG00000204010	57.8723	Ifit1bl1
ENSMUSG00000079363	GBP6	ENSG00000183347	63.0745	Gbp4
ENSMUSG00000079445	B3GNT7	ENSG00000156966	85.6423	B3gnt7
ENSMUSG00000079547	HLA-DMB	ENSG00000242574	71.6475	H2-DMb1
ENSMUSG00000081613				Gm12109
ENSMUSG00000082292				Gm12250
ENSMUSG00000084304				Gm6142
ENSMUSG00000085823				Gm13012
ENSMUSG00000086527				Gm15856
ENSMUSG00000087049				Bach2it1
ENSMUSG00000087083				Gm15083
ENSMUSG00000087331				1810021B22Rik
ENSMUSG00000087348				Gm15582
ENSMUSG00000089663				Gm15651
ENSMUSG00000089988				Gm16238
ENSMUSG00000090214				Gm15657
ENSMUSG00000090556	OR2H2	ENSG00000204657	80.4487	Or2h2b-ps1
ENSMUSG00000090556	OR2H1	ENSG00000204688	80.1282	Or2h2b-ps1
ENSMUSG00000090942				F830016B08Rik
ENSMUSG00000090958	LRRC32	ENSG00000137507	79.3363	Lrrc32
ENSMUSG00000091649	PHF11	ENSG00000136147	55.0725	Phf11b
ENSMUSG00000091996	SMIM35	ENSG00000255274	88.2353	Smim35
ENSMUSG00000092060	BEND4	ENSG00000188848	87.8004	Bend4
ENSMUSG00000093507				Gm20627
ENSMUSG00000094796				BC147527
ENSMUSG00000095115	ITPRIPL2	ENSG00000205730	85.4206	Itpripl2
ENSMUSG00000095930	NIM1K	ENSG00000177453	91.5138	Nim1k
ENSMUSG00000096054	SYNE1	ENSG00000131018	84.8846	Syne1
ENSMUSG00000096188	CMTM4	ENSG00000183723	95.6731	Cmtm4
ENSMUSG00000097157				Gm26512
ENSMUSG00000097174				Gm4890
ENSMUSG00000097194				9330175E14Rik
ENSMUSG00000097327				E030030I06Rik
ENSMUSG00000097621				Gm26562
ENSMUSG00000098090				2700099C18Rik
ENSMUSG00000098243				Gm4258
ENSMUSG00000099413				Gm17767
ENSMUSG00000102064				Gm28625
ENSMUSG00000103423				Gm5845
ENSMUSG00000103749	PCDHGB5	ENSG00000276547	84.3413	Pcdhgb5
ENSMUSG00000104399				Gm37963
ENSMUSG00000104713	GBP6	ENSG00000183347	69.0671	Gbp6
ENSMUSG00000104941				Gm8953
ENSMUSG00000105504	GBP5	ENSG00000154451	66.2712	Gbp5
ENSMUSG00000106543				Gm43378
ENSMUSG00000106874				Gm20186
ENSMUSG00000107121				1110006O24Rik
ENSMUSG00000109251				E230032D23Rik
ENSMUSG00000109613				Gm45405
ENSMUSG00000110206	FLT3LG	ENSG00000090554	56.8841	Flt3l
ENSMUSG00000110424				Zbed5-ps
ENSMUSG00000111118				Gm6545
ENSMUSG00000111820				Gm36120
ENSMUSG00000112122				Gm47628
ENSMUSG00000112544				Gm48089
ENSMUSG00000113424				Gm48161
ENSMUSG00000113817				Gm21056
ENSMUSG00000113985				9130015A21Rik
ENSMUSG00000114051				Gm48008
ENSMUSG00000114916				4930572O13Rik
ENSMUSG00000115582				Gm48953
ENSMUSG00000115920				Gm18283
ENSMUSG00000116962				Gm19000
ENSMUSG00000116987				Gm49625
ENSMUSG00000117655				6720468P15Rik
ENSMUSG00000118376				Gm9926
